FEN,Source,Question,Agent6_Sec,Raw_Answer,CoT_Judge_Score
2r5/p2bk1Q1/1p2p3/3nN3/3P4/8/Pq3PPP/4R1K1 b - - 0 25,Template,Describe the overall state of the board.,24.78,"The overall state of the board is highly dynamic, leaning significantly in White's favor due to superior piece activity and attacking opportunities. While Black has material equality and a few central pieces, White's coordination and aggressive deployment give them a major positional edge.

White's primary advantage is the overwhelming pressure exerted by the Queen on g7 and the Knight on e5. The Queen is perfectly placed to coordinate an attack, limiting the Black King's movement and eyeing potential threats along the g-file or h-file. The Knight on e5 is exceptionally strong, dominating the center and restricting the movement of Black's pieces, particularly the Bishop on e7. Furthermore, the Rook on e1 supports this central dominance, forming a menacing battery.

Black, conversely, appears to be in a defensive, somewhat cramped position. The King on e7 is exposed, and while the Queen on b2 is active, it is currently less threatening than White's coordinated attack. Black must be careful about allowing any further breakthroughs on the kingside or center, as White has multiple avenues for attack. In summary, the tension favors the side with the best-coordinated pieces, and right now, that belongs clearly to White.",0
2r5/p2bk1Q1/1p2p3/3nN3/3P4/8/Pq3PPP/4R1K1 b - - 0 25,Fuzzer,How effectively can Black coordinate its pieces to secure the king against the combined pressure of the White Queen and Knight?,31.46,"This is a highly tense position where White has successfully built a commanding attacking battery with the Queen on g7 and the Knight on e5, putting immediate and sustained pressure on the Black King at e7. To answer your question, Black’s task of coordinating pieces is difficult because the King's immediate safety is the priority, and currently, the pieces are not optimally placed to support the defense.

Black's primary defensive asset is the Knight on d5, which controls vital central squares and stands ready to challenge White's superior piece activity. However, the Rook on c8 is currently passive, and the Bishop on e7 helps guard the King but also restricts movement. To improve coordination, Black needs to activate the Rc8, perhaps by moving it to the d8 or f8 squares, which would give the King more escape options and relieve the direct pressure exerted by the White Queen. Furthermore, the Queen on a2 feels disconnected from the action; coordinating the Queen with the Rook would be crucial to establishing counterplay rather than just defending.

Overall, while Black has material equality, the coordination is hampered by the need to defend the exposed King. The most effective defensive effort will involve immediately challenging the center or forcing an exchange to simplify the position, thereby reducing the overwhelming power of the Queen and Knight pairing. If Black can successfully use the Rook and Knight together to create counter-threats, it will greatly minimize the decisive pressure White currently enjoys.",1
3r2q1/5prk/p3pQpp/1p2P3/2p4R/2P2P1P/PPB2P2/6K1 b - - 2 29,Template,Which pieces are currently attacking the opposing King?,20.94,"Based on the current board state, none of Black's pieces are currently attacking the White King at g1. The King is safe for the moment.

I checked all of Black's major pieces:

1.  **The Black Queen (g8):** It is positioned too far away from g1 to deliver a direct attack.
2.  **The Black Rook (d8):** Similarly, the Rook is confined to the d-file and 8th rank and cannot reach the King.
3.  **Black Pawns:** None of the pawns (a6, f7, h7, e6, b5, c4) are positioned to attack the g1 square diagonally.

While the White King is safe, it is worth noting that White's position is quite aggressive, especially with the Queen on e6 and the Rook on h4, which puts significant pressure on Black's central structure and kingside.",1
3r2q1/5prk/p3pQpp/1p2P3/2p4R/2P2P1P/PPB2P2/6K1 b - - 2 29,Fuzzer,What defensive maneuvers can Black employ to counter the centralized influence of the Queen on f6?,24.35,"The Queen on f6 is indeed a powerhouse, giving White significant centralized control and setting up immediate threats against the Black camp. The key to Black's defense is not necessarily to directly challenge the Queen, but rather to reduce her influence, create counterplay, and increase the activity of the pieces that are currently restricted.

One of the most flexible and solid defensive maneuvers is to play **...Rd7**. This move achieves several defensive goals: it defends the 7th rank, keeps the rook highly mobile, and prepares to challenge the center or queenside should White overextend. If White tries to infiltrate on the 7th rank, Black is ready.

Another strong alternative is to reposition the Queen, perhaps with **...Qd8**. This move removes the Queen from potential direct threats along the g-file and slightly reduces the pressure on the kingside. It also keeps the Queen flexible enough to support the e6 pawn or pivot towards the center.

Finally, Black must focus on prophylactic measures that shore up the structure, such as preparing to challenge the e5 pawn indirectly. While direct challenges are difficult, limiting White's ability to advance pawns or organize an attack on the kingside is crucial. Generally, maintaining coordination between the rooks and improving the defensive posture around the King (k8) is the best way to slowly neutralize White's positional advantage.",1
2rq1r1k/1p2b1pp/p7/2N1R3/3BQ3/7P/PP3PP1/6K1 b - - 0 24,Template,Which pieces are currently attacking the opposing King?,9.48,"Based on the current board state, none of the opposing (Black) pieces are currently attacking the White King on g1. The King is completely safe and is not under any immediate threat.

The Black pieces are too far away, or their movement patterns do not allow them to directly check the King. For example, the rooks on c8 and f8, and the queen on d8, are all blocked from reaching g1 by other pieces or the board structure. The King remains secure in the corner for now.",0
2rq1r1k/1p2b1pp/p7/2N1R3/3BQ3/7P/PP3PP1/6K1 b - - 0 24,Fuzzer,"Which weaknesses does the setup of the b7 pawn and the c8 rook present, given the powerful knight on c5?",24.9,"The setup of the queenside does indeed present a few exploitable weaknesses, especially when considering the powerful and commanding knight on c5.

The primary weakness revolves around the **b7 pawn**. It acts as a structural anchor but is also somewhat isolated and restricts the flow of Black’s queenside pieces. Given the dominant knight on c5, White has maximum pressure here; the knight eyes d7 and b7, and if White can generate play on the b-file or pull the king's side structure open, b7 becomes a potential backward or vulnerable target. Furthermore, the pawns at a6 and b7 create a somewhat cramped structure, limiting the coordination of the rooks.

Regarding the **c8 rook**, its current placement is quite passive. It feels disconnected from the action and lacks immediate scope of influence. Its ideal role would be to challenge the c-file or prepare to support a quick sortie. However, because the b7 pawn occupies the b-file and the rooks are separated, the rook at c8 is currently doing little to address the threats posed by the active white pieces (especially the Nd4 and Ne5).

In short, the setup suggests a lack of dynamic counterplay. Black should look to activate the c8 rook to challenge the center or prepare breaking pawn moves, rather than relying on the solid but passive nature of the b7 pawn.",1
8/pp5k/1n2p2N/2p3n1/2P4P/1P2R3/Prr5/6RK w - - 1 35,Template,Describe the overall state of the board.,31.65,"This board state is highly tactical and unbalanced, giving Black a significant positional and material advantage, while White is struggling to coordinate their pieces. The overall mood is tense, with Black exerting immense pressure on White's structure and coordinating their major pieces.

Materially, Black holds a clear edge, particularly with the powerful presence of the two rooks dominating the second rank (b2 and c2), supported by two active knights (b6 and g5). White's pieces, while containing some active elements—like the Knight on h6 and the Rook on e3—feel somewhat disconnected. The pawn structure is also fragile, particularly in the center, where control is shifting rapidly.

Strategically, Black's primary goal is to use the centralized rooks and knights to dismantle White's defenses, potentially targeting the queenside or the advancing pawns. White must prioritize immediate king safety and finding a mechanism to bring the scattered pieces (especially the Knight on h6) into the action to counter the pressure. For now, Black's control of the second rank and the highly placed pieces give them the initiative and the advantage.",1
8/pp5k/1n2p2N/2p3n1/2P4P/1P2R3/Prr5/6RK w - - 1 35,Fuzzer,How can White initiate counterplay against Black's coordinated rooks and knights?,28.08,"The best way for White to initiate counterplay is to use the advanced position of the Rook on e3 and the Knight on h6 to immediately challenge Black's central structure and the coordination of the rooks. I recommend the move **Re7**.

This move is a forceful commitment that brings the rook into the opponent's territory, creating immediate threats. It targets the pawns on a7 and b7, forcing Black to react defensively rather than maintaining their current attacking posture on the second rank. For instance, if Black tries to defend the pawns with a piece move like ...Nd3, White can continue to improve the position with a move like Rbf1 or simply maintain the pressure.

Alternatively, if you prefer a more subtle approach, you could play **Nf5**. This centralizes the knight, attacks the weak e6 pawn, and forces Black to make a difficult decision. If Black captures with the knight (...Nxf5), White recaptures with the pawn, improving the pawn structure and opening the e-file for further attacks. Both Re7 and Nf5 are concrete ways to break the stalemate and shift the initiative back to White.",0
r1b2rk1/pp1p1ppp/1b3q2/3N4/1P2P3/P4P2/6PP/R2QKB1R b KQ - 1 15,Template,What files or ranks are currently open?,25.5,"That's a good positional question! When looking at open lines, we are essentially looking for files (columns) or ranks (rows) where major pieces (like Rooks or the Queen) can travel freely without being blocked by pawns.

In this specific position, the board is actually quite semi-closed due to the pawn structure. However, I can point out the areas that offer the most potential mobility.

**Regarding Open Files:**
None of the major files are truly ""open"" in the classical sense (meaning a Rook could march through them unimpeded by pawns). The files a, b, d, and e are all currently restricted by pawns. However, the **d-file** is the most dynamically important file right now because White has the powerful knight centralized on d5, which controls that entire file and exerts major pressure.

**Regarding Open Ranks:**
The most open area is **Rank 5**. This rank is relatively clear of pawns, which allows pieces to maneuver and dictates the current action. Furthermore, the line along the **c-file** and **e-file** are somewhat accessible for the Queen and Rooks if the pawns on b4/e4 or d7/e7 shift, though they are currently blocked by pawns.

Overall, the central control on the **d5** square, supported by the relative lack of pawns on **Rank 5**, is the defining feature of this position, giving White significant positional scope.",1
r1b2rk1/pp1p1ppp/1b3q2/3N4/1P2P3/P4P2/6PP/R2QKB1R b KQ - 1 15,Fuzzer,Which attacks are available against the centralized knight on d5?,27.38,"The centralized knight on d5 is currently undefended, which makes it a clear target! The most direct and immediate attack available against the knight comes from Black's Queen on f6. By moving the Queen to d6, you create a powerful direct threat that attacks the knight head-on.

The main attacking line is therefore **...Qd6**. This move achieves several goals: it directly attacks the knight on d5, forcing White to respond (e.g., by capturing the queen, or moving the knight). Furthermore, placing the queen on d6 also centralizes your attacking piece and prepares for potential pressure down the d-file or along the 6th rank.

While other pieces like the rooks or bishops cannot immediately attack d5, the queen provides the sharpest and most forcing continuation against this excellent defensive piece.",1
1r3rk1/p3R2p/3p2pQ/3q4/3b4/3p4/PP3PPP/1RB4K b - - 3 22,Template,What files or ranks are currently open?,28.45,"Based purely on the current board state, the most strategically open lines are the **c-file** and the **8th rank**.

The **c-file** is completely clear of both pawns and major pieces, making it a prime candidate for a future breakthrough or maneuver by either side. Similarly, the **8th rank** is quite open, particularly in the center (c8, d8, e8, g8, h8). This openness allows rooks and queens to traverse the back line easily without immediate obstruction.

While the b-file and f-file contain rooks, they are technically occupied. The primary weakness, however, is the relative lack of space and potential on the queenside and kingside, often restricted by the pawn chains on the 2nd rank and the pieces currently amassed in the center. Controlling the c-file or using the open 8th rank are key strategic goals for any piece seeking maximum mobility in this complex position.",0
1r3rk1/p3R2p/3p2pQ/3q4/3b4/3p4/PP3PPP/1RB4K b - - 3 22,Fuzzer,How can Black capitalize on the exposed nature of the white queen and rook battery?,32.83,"This is a highly tactical and volatile position, and Black absolutely has ways to capitalize on the exposed nature of White's attacking pieces. White's coordination of the Queen on h6 and the Rook on e7 is aggressive, but it relies on a strong foundation, and Black's centralized pieces (the Queen on d5 and Bishop on d4) are perfectly poised to create counter-threats.

The best way for Black to capitalize is through a forcing move that challenges the White Rook on e7 or destabilizes the Queen's position. Specifically, developing pressure along the e-file with **...Rfe8** is very strong. This move directly challenges White's most active piece, forcing White to make a difficult decision.

If White responds with the natural defending move, Rxe8, Black simply captures back with the Queen or the other Rook, achieving favorable trades and relieving the pressure on the e-file. Even if White ignores the threat, the open e-file becomes a major strategic weakness, allowing Black to maintain powerful coordination. Alternatively, Black can use **...Qc5**, which simultaneously pressures the Bishop on b1 and keeps the Queen deep in favorable central territory, creating multiple attacking avenues against White's less developed pieces. The key is to keep the initiative by forcing White to react defensively rather than continuing the attack.",1
8/3P4/8/1kP2pbP/8/5K2/8/8 b - - 0 51,Template,Which player currently has a material or positional advantage?,26.52,"This is a highly complex and tense endgame! When evaluating who has the advantage, we must look at both the tactical threats (the pawns) and the strategic control (the pieces).

White currently possesses the dominant positional advantage, primarily due to the overwhelming threat posed by the advanced passed pawns on d7 and c5. These pieces are significantly closer to promotion than Black can easily stop without major concessions. The d7 pawn, in particular, is a critical threat that forces Black's King and Bishop to react defensively.

Black's best asset is the Bishop on f5, which is actively placed and controls vital diagonals, limiting the movement of the White King on f3 and providing defensive coverage. However, the sheer momentum of the pawns outweighs the positional counterplay of the Bishop. White's goal is straightforward: use the King to support the pawn push, forcing Black's King away from defending the queenside, allowing the d7 or c5 pawn to promote and win the game. If White can coordinate the pawn push while maintaining King safety, the material advantage will quickly translate into a win.",1
8/3P4/8/1kP2pbP/8/5K2/8/8 b - - 0 51,Fuzzer,"Considering the advanced passed pawn on d7, what defensive strategy must Black employ to prevent white's immediate promotion, given the bishop's placement?",40.75,"This is a highly tactical and critical defensive endgame for Black. The immediate and most pressing threat is the passed pawn on d7, which is threatening immediate promotion to a Queen. White's king on f3 and the highly advanced pawn structure give White a substantial winning advantage.

Black's primary defensive strategy must be purely focused on immediate pawn blockade and generating counterplay, as the King is too far away to assist directly. The bishop on f5 is Black's most valuable piece, as it must be utilized to restrict White's king and try to challenge the d-file. The best defensive plan involves coordinating the bishop's movement to either challenge the d-pawn's path or force a stalemate/perpetual check setup, though the latter seems unlikely given White's material.

Crucially, Black must prevent White from gaining unchallenged access to the d8 square. If White can force the pawn to d8, the game is essentially over. Black should use the bishop to maneuver towards the center or the queenside, ideally aiming for a square that forces the White King to remain passive or makes the d-file too exposed. For instance, retreating the bishop to a square like e6 or even c2 (if the King can cover the retreat) might momentarily restrict the White King's options, buying a single tempo. However, White's control over the d-file is overwhelming, meaning Black's best chance is to create chaos and hope that White makes a single, unforced blunder that allows the Black King to become active or the Bishop to exchange for a central pawn.",1
2rr3k/1pq1bQ1p/p1b1p1B1/4N3/8/2N1P2P/1P3PP1/2B1R1K1 b - - 0 24,Template,What files or ranks are currently open?,25.75,"That's a great strategic question! When we talk about open files or ranks, we are generally referring to lines (columns or rows) that have few or no pawns, allowing pieces like rooks, bishops, or queens to move with maximum freedom.

Based on the current FEN, the most completely open lines are the files **A**, **D**, and **F**, and ranks **1** and **4**, as they contain no pawns or pieces at all. These empty lines are excellent targets for any major piece that can eventually enter the area.

Beyond the completely empty lines, Rank 3 and Rank 5 are also quite open, as they contain few pieces relative to the board edge. The file **D** and **F** are particularly noteworthy because they are currently unimpeded, offering potential breakthrough points for either side if they manage to advance pawns or place a rook there.",0
2rr3k/1pq1bQ1p/p1b1p1B1/4N3/8/2N1P2P/1P3PP1/2B1R1K1 b - - 0 24,Fuzzer,How can Black effectively coordinate the rooks to defend against the powerful attacking setup involving the Queen and the two Bishops?,29.97,"This is a highly aggressive position for White, and the coordination between the Queen on g7, the Knight on e5, and the Bishops on g6 and c1 is indeed immense. Black's primary task is to survive the tactical onslaught by improving piece activity and neutralizing the central threat posed by the Ne5.

To effectively coordinate the rooks, Black must transition them from passive defenders on the back rank (c8 and d8) into dynamic pieces that either challenge White's most active lines or prepare for counter-play. Since White's attack is so centralized, the rooks should primarily focus on defending the d-file and preparing for exchanges that reduce White's major pieces. A key defensive idea is **...Rd7**. This move achieves several goals: it brings a rook off the back rank, centralizing its defensive role; it implicitly defends the 7th rank, which is crucial; and it keeps the option open to challenge the d-file or redeploy the rook to support a pawn break.

Furthermore, improving the coordination involves more than just the rooks. Black must also address the bishop on e7 or c6. If Black plays **...Rd7**, the next step should be to consider freeing the dark-squared bishop, perhaps via **...Bf8**, which defends the e7 square and prepares to challenge the diagonal pressure from the Ne5. By centralizing the rooks and preparing to improve the bishop's placement, Black turns a purely reactive defense into a more flexible, coordinated struggle for survival.",1
rnbq1rk1/pp4pp/4p3/3pNp1Q/2pPn3/2PBP1P1/PP1N1PP1/R3K2R b KQ - 1 11,Template,Describe the overall state of the board.,31.42,"This is a highly dynamic and tense middlegame position, characterized by intense central tension and aggressive piece placement from both sides. The overall state is deeply unbalanced, meaning standard positional principles are currently giving way to tactical skirmishes.

The most critical feature of the board is the battle for the center. Black has established a strong outpost with the Knight on e4, creating immediate pressure on White's structure and challenging the control of d2 and c3. Simultaneously, White has placed a dominating Knight on e5, which acts as a powerful spearhead, supported by the Queen positioned aggressively on h5. This Queen placement signals White's intent to launch an attack on the kingside, although that attack is not yet fully coordinated.

Structurally, Black's pawn chain (d5 and c4) is very solid and aims to restrict White's central bishop and knight. However, the position is ripe for tactical breakthroughs. If Black can successfully exploit the Ne4, it might force White to make concessions regarding the coordination of the Ne5 and the Bishop on d3. For White, the immediate task is to consolidate the Ne5 outpost and find a safe way to connect the rooks, while also defending against any pressure Black generates using the c4 pawn. The overall atmosphere is therefore one of mutual aggression, where the next move will likely determine which side can generate the most immediate, concrete threats.",1
rnbq1rk1/pp4pp/4p3/3pNp1Q/2pPn3/2PBP1P1/PP1N1PP1/R3K2R b KQ - 1 11,Fuzzer,"Does the knight on e4 have any tactical defensive weaknesses that White could exploit, or is it securely centralized?",26.27,"That knight on e4 is not only securely centralized, but it is a dominating tactical outpost that gives Black a significant positional advantage. In short, there are no immediate, exploitable defensive weaknesses on that piece.

The reason the Ne4 is so strong is twofold: first, it controls critical central squares (d2, f3, g2), and second, it is stable within Black's solid pawn structure. It is implicitly supported by the pawn on d5 and the general coordination between Black's pieces. To successfully challenge this knight, White would likely have to sacrifice material or make a highly committal move, and doing so would expose White's own weaknesses, such as the coordination between the pieces on the queenside.

While the Ne4 is excellent, it’s worth noting that the knight on d4 is arguably the most critical piece, as it stakes a claim right in the heart of White's formation. Together, these two knights (d4 and e4) create immense pressure on the center, forcing White to address the entire structure rather than focusing on a single weakness. For now, the Ne4 is a source of sustained pressure, making it a key asset rather than a liability.",1
r2q1rk1/pb3ppp/1p1bp3/2ppNnP1/3P1P2/2PBP3/PP1N1R1P/R2Q3K b - - 0 16,Template,Describe the overall state of the board.,27.64,"This is a sophisticated, highly balanced position characterized by strong central control and dynamic piece placement. Overall, the board feels complex, requiring careful calculation rather than any immediate, obvious breakthrough.

The most striking feature is the battle for space and influence in the center. White has established a solid structure with pawns on d4 and f4, anchored by the robust Bishop on e3. However, the key element of tension belongs to the advanced Knight on e5, which is extremely active, restricting Black's pieces and preventing easy maneuverability. Black, in response, has stabilized the center with pawns on c5 and d5, and has placed the Knight on f5, creating immediate pressure against the Ne5 and the d4 pawn.

Strategically, the position hinges on the coordination of the pieces and the management of the central pawn chain. White's primary plan is likely to maintain the tension created by the Ne5, perhaps preparing an advance or rerouting pieces to exploit the diagonal. Black's immediate goals must revolve around neutralizing the Ne5, improving the coordination of the pieces (especially the Queen and Rooks), and ensuring that the central weakness around e6 remains solid. Both kings are currently safe, allowing the fight to be fought primarily on the material and positional fronts.",1
r2q1rk1/pb3ppp/1p1bp3/2ppNnP1/3P1P2/2PBP3/PP1N1R1P/R2Q3K b - - 0 16,Fuzzer,How does Black plan to challenge or neutralize the pressure exerted by the centralized knight on e5?,25.22,"That is a very sharp assessment of the position. The knight on e5 is indeed White's most dominant piece, acting as a central anchor that restricts Black's coordination and puts pressure on the kingside and center.

Black's primary plan to neutralize this pressure is through immediate and aggressive confrontation, aiming to force an exchange or to undermine the Ne5's stable base. The most natural and strongest route is via the move **...Nxf3+**. This move achieves several critical objectives: it forces White to make a decision about the pawn structure, and more importantly, it removes the highly centralized knight, which is the root of the pressure.

By playing `...Nxf3+`, Black immediately simplifies the position and reduces the immediate tactical tension. If White recaptures with the Bishop (`Bxf3`), Black has achieved a favorable structural exchange, removing the strong Ne5 while keeping the bishops on the board. If White recaptures with the Queen (`Qxf3`), Black has successfully traded away the most active piece on the board and the position becomes slightly more comfortable for Black's pieces to organize themselves in the emerging open lines.

Beyond this immediate exchange, Black will look to improve piece coordination, particularly by activating the rooks or preparing to challenge the d4 pawn. However, the key strategic directive remains: eliminating the centralized menace on e5 to allow Black's pieces freedom of movement.",1
8/7p/3p2p1/3Pp3/3qP3/3k3P/6PK/3Q4 b - - 4 46,Template,Are there any pieces on the same diagonal?,58.13,"Yes, there are several instances where pieces are located on the same diagonal! This is a defining characteristic of many positions, and checking these lines is often key to finding tactical opportunities.

I found multiple pairs:

1.  **White King and White Pawn:** The White King at g2 and the White Pawn at e4 share a diagonal, running up the board through f3 and d5. Additionally, the White King at g2 and the White Pawn at h3 are adjacent and share the corner-hugging diagonal.
2.  **Black King and Black Pawn:** The Black King at d3 and the Black Pawn at g6 are on the same diagonal, going up-right through e4 and f5.
3.  **Queen and Pawn:** There is a diagonal connection between the Black Queen at d4 and the Black Pawn at e5. Similarly, the White Pawn at d4 also lies on this specific diagonal, passing through e5.

Understanding these diagonals helps identify potential attacks or defensive weak points, as a piece on a diagonal often restricts the movement options of other pieces.",0
8/7p/3p2p1/3Pp3/3qP3/3k3P/6PK/3Q4 b - - 4 46,Fuzzer,How effectively can Black coordinate the King and Queen to create an attacking breakthrough?,28.13,"Black's coordination between the King and Queen is currently extremely effective, giving Black clear attacking potential and solid positional pressure. The primary goal for Black should be to exploit the highly centralized King on d3, which acts as a perfect supporting piece for the Queen on d4.

The genius of Black's setup lies in the active cooperation of these two pieces. The King on d3 is dominating the central squares, restricting the movement of the White Queen and establishing a strong base from which the Queen can launch attacks. While a direct ""breakthrough"" is not immediately visible on the wing, the real threat is forcing a simplification or exploiting the tension around the e4 and d5 pawns. For instance, if Black plays a move like ...Qxd1, the ensuing King and Pawn endgame is highly favorable because the centralized King on d3 dictates the flow, allowing Black to advance pawns or force favorable exchanges.

Strategically, Black should look to maintain the tension while improving the Queen's scope. If White tries to ignore the center, Black can use the King to support a pawn advance or reposition the Queen to an even more disruptive square, like e3 or c3. The combination of the centralized King and the active Queen makes the coordination powerful, elevating Black's position from merely equal to a slight advantage due to superior piece placement and control.",0
r4k2/pp3p2/2pNR2p/5Qp1/1P3n2/3P4/P1PK1qPP/8 w - - 6 31,Template,Describe the overall state of the board.,25.51,"This is an extremely sharp and complex position, characterized by high tactical tension and an asymmetry in piece activity. Overall, Black holds the initiative and has several positional advantages that put immediate pressure on the white king.

The most dominant features are Black's highly active pieces and slight material edge. Black's Queen on f2 and Knight on f4 are both spectacularly placed, creating immediate threats along the diagonal and the f-file. Furthermore, Black has gained a slight material advantage, being up a pawn (6 pawns vs. 5 pawns). Structurally, Black's pawns on the kingside (g5 and h6) restrict the white king's options and maintain attacking potential.

White's defense relies heavily on the coordinated power of the pieces. The Rook on f6 and the Queen on f5 form a menacing battery directed at the black king's area. The Knight on d6 is well-centralized and defends crucial squares. However, White's king on d2 remains slightly exposed, and the pressure exerted by Black's pieces suggests that White must play accurately to neutralize the threats, particularly those stemming from the Nf4. The immediate battle is centered around the f-file and the diagonals, making accurate defense the absolute priority for White.",0
r4k2/pp3p2/2pNR2p/5Qp1/1P3n2/3P4/P1PK1qPP/8 w - - 6 31,Fuzzer,What is the strategic value of the knight on e6 given the open lines and the proximity of black's major pieces?,33.91,"The knight on e6 is absolutely pivotal and represents one of the greatest strategic assets for White in this position. It is far more than just a centralized piece; it acts as the linchpin that ties the entire attacking formation together.

Its value stems primarily from its flawless coordination with the Queen on f5 and the Rook on f6. By occupying e6, the knight controls critical central squares like d4 and c7, while simultaneously restricting the mobility of Black's major pieces. It prevents Black from easily challenging the central axis, especially since the knight is supported by the pawn structure and controls the crucial intersection d4. This setup creates overwhelming pressure, allowing White's major pieces (Qf5 and Rf6) to operate with maximum effect.

Furthermore, the Ne6 contributes immensely to White's structural integrity. It is a powerful outpost that cannot be ignored. If Black tries to challenge the control of the d-file or the f-file, the knight maintains a commanding position that keeps Black's pieces, such as the Knight on f4, under constant tactical observation. In short, the knight is not merely defending; it is a high-impact offensive component, solidifying the center while maximizing the attacking synergy of the Queen and Rook.",1
8/P7/8/5k2/8/5pr1/5r2/R6K w - - 0 50,Template,What files or ranks are currently open?,44.04,"Based on the FEN, the board has several files and ranks that are considered open. In general chess terminology, an open file or rank is one where pieces can move through without obstruction, or one that is completely empty.

In terms of **files (columns)**, the files **b, c, d, and e** are completely unoccupied, making them fully open and highly valuable for piece deployment. The a-file and h-file are blocked by pawns/kings, and the f-file is blocked by multiple pieces (Kf5, Pf3, Rf2).

As for **ranks (rows)**, all ranks from 1 through 8 are technically open because none of them are completely filled with pieces. However, the ranks that are entirely empty and offer maximum mobility are:
*   **Rank 8**
*   **Rank 6**
*   **Rank 4**

These empty ranks are crucial, as they allow major pieces (like rooks or queens, if they were present) to travel across the board unimpeded.",1
8/P7/8/5k2/8/5pr1/5r2/R6K w - - 0 50,Fuzzer,What defensive measures are available to White's pieces to combat the immediate pressure and coordination of the two black rooks?,32.02,"This is a very tense endgame where Black has achieved superb coordination with their two rooks, creating immense pressure on the third and second ranks. White's defense cannot rely on simple blocking maneuvers; instead, the primary defensive measure must be a highly coordinated counter-attack centered around the passed a-pawn.

The immediate task is to ensure the survival and promotion of the a7 pawn. The White rook on a1 must act as the primary support for this pawn, keeping Black's rooks occupied and preventing them from swinging over to attack the king or the pawn itself. A good defensive plan involves keeping the rooks locked into a positional struggle, forcing Black to address the a-pawn rather than attacking the king directly.

While the king on h1 is currently safe, it is too passive to participate actively in the defense. Therefore, the coordination must come from the rook and the pawn. White must look for any opportunity that allows the rook to restrict the movement of the rooks on g3 and f2, perhaps by moving into the third rank or challenging the open files. If the rooks can remain on the back rank (like Ra1 targeting the a-file), they will be more flexible in defending the passed pawn and maximizing the chances of a promotion, which is the only true path to neutralizing Black's material advantage.",1
r7/pp1Qp1B1/8/3kb3/4q3/8/PP3PP1/5K2 b - - 4 34,Template,Which player currently has a material or positional advantage?,22.67,"Based on the current FEN, Black holds a significant advantage, primarily due to a clear **material advantage**.

Materially, Black is up an entire exchange (a Rook for nothing). While White has highly active pieces—the Queen on d7 and the Bishop on g7 are excellently placed—these positional strengths cannot overcome the material deficit. Furthermore, Black's pieces, particularly the Queen on e4, control key central squares and coordinate well with the remaining major pieces.

The immediate focus for Black should be simplifying the position and activating the trapped Rook on a8. Black needs to coordinate the additional Rook with the Queen and King to convert this material edge. White's pawns on a2 and b2 restrict the queenside, limiting White's counterplay, which means Black's superior material will likely translate quickly into a winning endgame.",1
r7/pp1Qp1B1/8/3kb3/4q3/8/PP3PP1/5K2 b - - 4 34,Fuzzer,How does Black leverage the strong coordination between the Queen and Bishop to generate immediate threats against White's King or Queen?,45.1,"That is a sharp observation. You are absolutely correct; Black's current setup, particularly the coordination between the Queen on d4 and the Bishop on e5, gives Black significant positional leverage and sets up multiple indirect threats.

The strength doesn't come from immediate direct attacks on the King, but rather from overwhelming centralized control and the ability of the two pieces to work together to restrict the movement of White's crucial pieces. The Bishop on e5 acts as a fantastic shield for the King and simultaneously dominates key central squares like d4 and f4, while the Queen on d4 controls the entire 4th rank and multiple diagonals. Together, they create a zone of absolute pressure around the center of the board, which is currently suffocating White's defensive options.

Specifically, this coordination restricts the White Queen on d7 and the White Bishop on g7. By controlling the d-file and the critical e-file, Black can force White to defend passively or risk losing material. For example, the Bishop on e5 subtly threatens the d6 square, and the Queen on d4 supports any potential breakthrough along the d-file or 4th rank. In essence, Black is using the Q and B to build a geometric fortress that centralizes the entire Black army, making White's already exposed pieces look increasingly vulnerable and limiting the coordination of White's own defenders.",0
4r1k1/pp2n2p/3q1pp1/3p4/3P3P/1PrB1PR1/P4P2/1Q4RK b - - 0 24,Template,Are there any pieces on the same diagonal?,32.31,"Yes, there are several instances where pieces share a diagonal, and the most notable alignment involves three pieces on the board.

Specifically, your Bishop on **d3** is positioned on the same diagonal as Black's pawn on **g6** and Black's pawn on **h7**. These three pieces all lie on the diagonal line running from the a1-h8 diagonal direction.

Additionally, if we look at the pieces on the back rank, the Queen on **b1** and the Bishop on **d3** are separated by a diagonal, but they do not align with any other pieces. Overall, the alignment of the Bishop on d3 with the two pawns on g6 and h7 is the most striking diagonal relationship on the board.",1
4r1k1/pp2n2p/3q1pp1/3p4/3P3P/1PrB1PR1/P4P2/1Q4RK b - - 0 24,Fuzzer,How vulnerable are White's kingside pawns to an attack initiated by the black rooks?,27.74,"That is a very accurate and thoughtful question, as the vulnerability of a pawn shield is key to planning the middlegame. Looking purely at the kingside, I would say that your pawns (h4, g3, f2) are **not immediately vulnerable** to a direct, forcing attack initiated solely by the black rooks.

The primary reason is one of defensive spacing and piece coordination. The pawn on f2 is nicely anchored by the bishop on d3, and the g3 pawn is well-supported by the rook on g1, giving the structure a solid foundation for now. The rooks on e8 and c3 are currently positioned to exert pressure along the open files (the e-file and the c-file) and to challenge the center, rather than directly swinging over to undermine h4 or g3.

However, while they aren't *immediately* vulnerable, the entire kingside structure is somewhat passive and defensive. Black's most potent pressure points are actually slightly further away: the center pawns (d4 vs d5) and the queenside. If Black can force a sequence that undermines the d4 pawn or creates a weak diagonal, the pressure on the kingside will increase dramatically. For instance, if Black can swap off pieces or gain control of the e-file, the rooks could join the action, but this requires preparatory maneuvering—it is not an instant threat. You must prioritize defending the center and connecting the pieces before worrying about a direct rooks-and-pawns breakthrough on the kingside.",1
3Q1k2/8/8/2P5/1n5P/5q2/5P2/6K1 b - - 2 51,Template,What files or ranks are currently open?,29.25,"Based on the current board state, there are several files and ranks that are completely open, meaning they do not contain any pawns.

The **open files** (columns) are the A-file, E-file, and G-file. These files are entirely clear, allowing long-range pieces like a Queen or Rook to potentially move up them without obstruction.

Regarding the **open ranks** (rows), ranks 1, 2, 3, 6, and 7 are all open. These ranks are also completely free of pawns, which is a significant positional feature.

These open lines are crucial because they provide potential avenues for piece maneuvers and coordination, especially for the Queen on d8 or any future pieces.",0
3Q1k2/8/8/2P5/1n5P/5q2/5P2/6K1 b - - 2 51,Fuzzer,"How effective is the combined threat of the knight and the queen against the white coordination, specifically around the d8 Queen?",27.56,"This is a highly potent and coordinated attack from Black. While you mention the threat against the White Queen on d8, the real power of the combined setup from the Queen on f3 and the Knight on b4 is actually aimed at dismantling White's overall structure and destabilizing the White King, rather than directly attacking the Queen itself.

The combined threat is formidable because the pieces do not operate in isolation; they work together to restrict escape squares and force the White Queen into defensive roles. The Queen on f3 controls key ranks and diagonals, placing immense psychological pressure. Simultaneously, the Knight on b4 is perfectly placed, restricting White's ability to coordinate their pieces by eyeing critical squares like d3 and c2.

Your analysis correctly identifies the strength of the combined force. For instance, the Knight restricts the Queen's movement by controlling squares that White might otherwise use for defensive maneuvers, while the Queen controls the center and prepares tactical checks. Strategically, Black should look to exploit the vulnerability of the c5 pawn and the lack of space around the White King. The goal is to force a material gain or a decisive checkmate sequence, rather than merely coordinating against the Queen's current position.",0
r3qk2/5r2/p1NpBR2/1p1Pp3/P1P1PpQp/1P6/5P2/2K5 b - - 0 33,Template,Which player currently has a material or positional advantage?,29.8,"Based on a deep analysis of the position, White holds a significant positional advantage, coupled with a slight material edge. While the material imbalance is subtle, the sheer coordination and pressure exerted by White's pieces give them a decisive edge in this endgame.

Materially, White is up a pawn (6 pawns to Black's 5 pawns), which is a definite advantage. However, the real strength lies in the positional dominance. White's pieces are exquisitely placed: the Knight on c6 is a monster piece, restricting Black's movement and acting as a pivot point for attacks. Furthermore, the battery formed by the Bishop on e6 and the Rook on f6 applies enormous pressure along the e- and f-files, severely limiting the coordination of Black's pieces, particularly the King and Queen.

The key to White's advantage is the centralized power and the cramping effect. Black's pieces feel passive; the Queen on e8 and the Rook on a8 are currently contributing very little to defending the weak points, while the pieces on the kingside (g4, h4) are somewhat exposed and disconnected from the rest of the defense. White's plan is clear: to utilize the highly advanced pieces to break through Black's structure, likely by targeting the weaknesses around the center and the kingside.",1
r3qk2/5r2/p1NpBR2/1p1Pp3/P1P1PpQp/1P6/5P2/2K5 b - - 0 33,Fuzzer,How adequately defended is the path for the black queen to coordinate with the rooks against the central white pawns?,28.99,"The coordination potential for Black's major pieces is currently hampered by piece placement and a lack of direct central influence. While the immediate path for the Queen (e8) to join the rooks is technically open, the resulting coordination is not strongly defensive or offensive against White's robust central pawn structure.

Specifically, the Rook on a8 is extremely passive and contributes little to coordinating pressure on the center. The Queen on e8 is placed defensively, but White's setup—centered around the d5 and e4 pawns, supported by the Knight on c6 and Bishop on f6—is too solid to allow a simple breakthrough. For the rooks to coordinate successfully, Black would likely need the Queen to maneuver towards the d-file or the e-file to apply immediate pressure, but doing so risks opening lines that White's pieces are well-prepared to exploit.

To improve this coordination, Black needs a more active plan, perhaps focusing on challenging the d5 pawn indirectly or freeing the Queen to participate in the Kingside battle. Simply having the pieces on the board is not enough; their current positions are too scattered to create the necessary cohesive threat against the central pawns.",1
8/2p5/pp1p4/3PnN2/PPP1Pp2/5P1p/5K1k/8 b - - 3 46,Template,What files or ranks are currently open?,37.47,"Based on the current board state, we can identify several files and ranks that are relatively open, offering potential avenues for movement for either side.

In terms of **files (columns)**, the most clearly open file is the **g-file**. It currently holds no pieces, making it a clear corridor for pieces and potential pawns to pass through.

Regarding **ranks (rows)**, there are three ranks that are completely unoccupied: the **8th rank**, the **3rd rank**, and the **1st rank**. These open ranks are highly valuable, as they provide space for major pieces or passed pawns to advance without immediate opposition.

In summary, while many files and ranks are occupied, the g-file, the 8th, 3rd, and 1st ranks are the most significantly open features of the board.",0
8/2p5/pp1p4/3PnN2/PPP1Pp2/5P1p/5K1k/8 b - - 3 46,Fuzzer,How can Black use the advanced king and the passed pawns to create a decisive breakthrough on the queenside?,28.78,"This is a classic endgame scenario where Black's coordinated pawn advances and active King are paramount. To create a decisive breakthrough on the queenside, Black needs to directly challenge the tight pawn chain formed by White's pawns on a4, b4, and c4.

The most potent method is to execute the pawn break with **...c5**. This move immediately contests White's central queenside structure. If White captures the pawn (e.g., bxc5), Black replies with dxc5, achieving a powerful breakthrough. This opening of the d-file and the placement of the pawn on c5 creates immense pressure on the c4 pawn, often forcing White to concede material or allow the creation of a protected, advanced passed pawn. Alternatively, if White ignores the pawn and moves a piece, Black can follow up with ...b5, further isolating and weakening the white pawns.

While the King at h2 is currently too far from the action, its role will be to support the pawns after the initial breakthrough. The ultimate goal is to force a structural weakness that allows the passed pawns (a6, b6, or c7) to advance uncontested, turning the queenside into a decisive win. By prioritizing the pawn break with ...c5, Black transforms from a mere pawn-and-king endgame into a highly tactical pawn race where the initiative belongs entirely to Black.",1
8/1r3k1p/5B2/6Rp/4pR2/6PK/3pr3/8 w - - 2 55,Template,Are there any pieces on the same diagonal?,23.6,"Yes, there are pieces on the same diagonal!

The two rooks, currently positioned at **f4** and **g5**, share the same diagonal. This diagonal runs from the h6 square, through g5, and continues to f4. While there are no other pieces currently occupying that specific line, the proximity of these two major pieces is a key positional feature that you should be aware of.

There are no other obvious pieces on the same diagonal, nor are there any pieces on the same diagonal of opposing colors. You have a well-coordinated setup with your major pieces forming a line of attack/influence.",1
8/1r3k1p/5B2/6Rp/4pR2/6PK/3pr3/8 w - - 2 55,Fuzzer,How effectively can White coordinate the rooks and bishop to exploit the potential weaknesses around the black king on f7?,30.32,"The potential for White to coordinate the rooks and bishop is very high, and the weakness around the Black King on f7 is definitely the main objective. You have multiple pieces ideally placed for a coordinated attack, with the Bishop on f6 acting as the powerful anchor.

The key to exploiting this weakness is to maintain the pressure exerted by the Bishop on f6, which controls vital diagonals and restricts the Black King's movement. The rooks (on f4 and g5) should work in tandem, primarily focusing on opening up lines toward the Black King or forcing the Black rooks to commit to defense. A critical strategic goal is to challenge the coordination of the Black pieces, forcing them to give up defensive stability.

A primary attacking theme involves using the rooks to generate tactical threats, perhaps by shifting one rook to the e-file or f-file to create fork threats, while the other rook maintains pressure on the kingside. For example, maneuvering the rooks to create tactical skewers or indirect threats against the kingside pawns (like h7) often proves more effective than direct attacks. As long as White keeps the rooks active and avoids allowing Black to establish counterplay, particularly through the e-file with the rook on e2, the positional advantage should lead to a decisive advantage.",1
r1k4r/pp1nQ1p1/5p2/1N3P1p/3P4/2P5/q5PP/4R2K b - - 3 25,Template,Describe the overall state of the board.,19.92,"This position is extremely tense and highly tactical, indicating a phase where material equality is overshadowed by positional and activity advantages. Overall, the board is characterized by significant pressure exerted by White, particularly through the Queen on e7 and the Knight on b5.

White currently holds the initiative. The Queen on e7 is a powerhouse piece, coordinating with the Knight on b5 and the Rook on e1 to exert maximum pressure against Black's kingside and central structure. Black's coordination is decent, with the Queen on a2 being highly aggressive, but Black's king on c8 feels somewhat exposed given the open lines and the centralized White pieces. Structurally, White has established strong central pawns (d4) and a threatening pawn chain (f5).

The immediate battle revolves around piece activity. White's pieces are optimally placed to create threats, while Black must find a precise defensive and counter-attacking plan. Black needs to improve the coordination of the rooks and challenge the dominance of the white Queen or Knight before White can consolidate a decisive attack.",1
r1k4r/pp1nQ1p1/5p2/1N3P1p/3P4/2P5/q5PP/4R2K b - - 3 25,Fuzzer,"What are Black's best attacking chances, or must Black focus primarily on defending against the immediate positional threats posed by the centralized White Queen and Knight?",30.71,"This is a highly tense position, and you are correctly identifying the core strategic question: should Black prioritize survival or attack? Given the aggressive centralization of the White Queen on d7 and the powerful outpost of the Knight on b5, White holds a significant positional edge. However, Black's best path forward is not pure defense, but rather active counterplay that forces White's pieces to reposition and potentially lose their coordination.

Black's best chance lies in challenging the center immediately with **... Nd5**. This move is a brilliant combination of defense and attack. It directly attacks the highly centralized White Queen on d7, forcing White to make a tactical decision. If White exchanges Queens (Qxd5), Black recaptures (exd5), which not only removes the central anchor but also opens the e-file, giving Black's rook excellent scope.

If White avoids the exchange and moves the Queen (for example, to c8 or e8), Black has successfully gained a tempo, improved the position of the knight, and remains fully coordinated. Therefore, while defending against the positional pressure is necessary, Black must *force* the action through the open lines. Focusing on ...Nd5 maximizes Black's attacking chances while simultaneously improving the defensive structure around the King.",1
8/p7/1p6/2p5/P1P1K1r1/1P1R2P1/2k5/8 w - - 1 49,Template,Are there any pieces on the same diagonal?,21.55,"Yes, there are several instances where pieces share the same diagonal!

The most obvious pairs are among the Black pawns. Specifically, the pawn on **a7**, the pawn on **b6**, and the pawn on **c5** all lie on the same diagonal line. The pawns on a7 and b6 are on one such diagonal, and the pawns on b6 and c5 are on another (or the same, depending on how you view the chain, but they certainly align diagonally).

Additionally, if you look at the entire board, the alignment of the three black pawns (a7, b6, c5) creates a clear diagonal structure running from the top-left to the bottom-right. This is a key structural feature of the current position.",1
8/p7/1p6/2p5/P1P1K1r1/1P1R2P1/2k5/8 w - - 1 49,Fuzzer,How can White coordinate the King and Rook to neutralize the advanced Black King and Rook activity?,27.06,"This is a complex endgame where Black has achieved a very advanced and active setup, especially with the King on c2 and the Rook on g4. Your instinct to focus on coordinating the King and Rook is spot-on, as simply moving pieces randomly will allow Black to exploit the weaknesses.

The primary goal here is not just to defend, but to **contain** Black's pieces while improving the coordination of your own. Black's advanced King on c2 and Rook on g4 are currently doing most of the work, so White needs a measured, restrictive response.

The best way to start neutralizing Black's activity is by immediately addressing the 2nd rank vulnerability and limiting the Black King's lateral movements. I recommend the move **Rd2**.

By playing **Rd2**, you achieve several critical things:

1.  **Containment:** You place the Rook directly opposite the Black King, making it much harder for Black to improve their King position (e.g., moving to b1 or d1) without immediately challenging the Rook on d2.
2.  **Coordination:** It prepares for a potential King move, such as Kc3 or even Kf3, because the Rook is now well-placed and not needed for immediate defense.
3.  **Centralization:** It maintains pressure across the crucial second rank, forcing Black to commit their Rook to a defensive posture or a non-optimal attack.

After **Rd2**, you should look to improve your King's position. If Black continues to press the queenside, advancing the King (e.g., moving Ke3 or Kd3) becomes viable, allowing you to use the King to restrict the pawns or support a counterattack. The key principle is to use the Rook to fix Black's pieces in place while the King improves its defensive and offensive scope.",1
2kr1b1r/1p6/2p1qN2/3pP3/3P3n/1Q5p/1n5K/2RB1R2 b - - 1 35,Template,Describe the overall state of the board.,31.26,"This is an extremely volatile and highly tactical position, characterized by aggressive piece placement on both sides. While the material is roughly equal, the overall state is defined by immense positional tension and multiple threats that require immediate, precise calculation.

White holds a significant positional edge due to the dominating Knight on f6, which is a powerhouse piece controlling key central squares and exerting immense pressure. The pawn on e5 further restricts Black's central development. However, Black is far from passive; they have mounted a sharp counterattack. The Knight on h4 is highly aggressive, aiming to capitalize on the exposed nature of White's king and the potential opening of the kingside. Simultaneously, the Knight on b2 puts immediate pressure on White's queenside structure, coordinating with the pawn on h3 to create tactical headaches.

In essence, the board is a battle between White's centralized, dominant control (Nf6, e5 pawn) and Black's sharp, decentralized attacking pressure (Nh4, Nb2). White needs to maintain the initiative by coordinating the pieces around the strong knight, while Black must find a breakthrough tactic to exploit the slightly exposed nature of the White King and the scattered nature of White's defenses. It is a position calling for tactical brilliance, where a single inaccurate move could lead to immediate concessions.",1
2kr1b1r/1p6/2p1qN2/3pP3/3P3n/1Q5p/1n5K/2RB1R2 b - - 1 35,Fuzzer,How should Black coordinate the pieces to neutralize the immediate pressure exerted by the knight on f6?,26.6,"The pressure exerted by the knight on f6 is indeed the most immediate concern for Black, as it dominates the center and limits Black's defensive options. To effectively neutralize this threat and regain structural balance, Black's most critical move is the forced exchange: **...Nxf6**.

By capturing the knight, you immediately remove the most active and problematic piece on the board. This simplifies the center, removes the piece that controls key diagonals (like the one through d7), and forces White to make decisions about the resulting pawn structure. After ...Nxf6, Black achieves a much more harmonious coordination.

Following this exchange, Black should look to coordinate the remaining major pieces. The primary goal shifts from dealing with the Nf6 to exploiting the resulting structural weaknesses. You can then look to activate the rooks on the d and h files, potentially generating counterplay against the d4 pawn or preparing a kingside defense. For example, developing the bishop on f8 or coordinating the rooks (e.g., preparing ...Rd7 or ...Rh7) will allow Black to transition from a defensive posture to a more cohesive counter-attack.",1
2r3k1/1p1p1ppp/1P2p3/8/6n1/7q/1PPPPP1P/R1BQ1nK1 b - - 0 18,Template,Are there any pieces on the same diagonal?,16.23,"Yes, there are pieces on the same diagonal!

Specifically, the White Queen on d1 and the Black Knight on g4 share the diagonal that runs from d1 up-right through e2, f3, and finally lands on g4. This diagonal crossing is a key positional feature of the current board state.",1
2r3k1/1p1p1ppp/1P2p3/8/6n1/7q/1PPPPP1P/R1BQ1nK1 b - - 0 18,Fuzzer,"With the knights highly active on g4 and f1, what is the most direct way for Black to create a decisive attack against the exposed white king?",36.83,"This is a highly tactical and volatile position, and you are absolutely correct—Black has built up immense centralized pressure using the knight synergy on g4 and f1. The key to the attack lies not just in moves, but in creating cascading tactical weaknesses around the White King.

The most direct and decisive way for Black to launch an attack is by targeting the pawn structure and the immediate defense of the King using **...Nxf2**. This move is powerful because it achieves multiple goals: it removes a critical defender (the pawn on f2), it opens lines for the Queen and Rook, and it forces White into immediate defensive complications.

If Black plays **1... Nxf2**, the resulting lines are devastating. White must respond to the threat, and any response allows Black to escalate the attack. For example, if White tries 2. Rxf2, Black can continue with 2... Qxg2+, forcing the King to move or resulting in massive material loss. If White tries to ignore the threat, Black simply wins material or forces the King into a mating net. The coordination between the Queen on h3 and the newly active Knights on g4 and f2 (or potentially f3) means that the King's defenses are simply insufficient.

In summary, while there are several checks available, **...Nxf2** is the most strategically profound move because it dictates the pace of the game, dismantles the pawn shield defending the King, and activates the full force of Black’s pieces into a decisive combination.",0
2k5/5p2/Q1P2p2/4p3/7p/P6P/6PK/3r1r2 b - - 4 37,Template,Which pieces are currently attacking the opposing King?,22.28,"Based on the current board position, none of the Black pieces are currently attacking the White King located at h2.

The Black King at c8, and both Black Rooks (d1 and f1), are all too far away to exert any immediate threat or attack the White King. The White King is currently safe and unpressured.

While the Black Rooks are powerfully placed on the back rank, they are currently separated from the action. The most immediate strategic concern for Black is not an attack on the King, but rather coordinating the rooks to create threats against the advanced White Queen or the pawn structure on the queenside.",1
2k5/5p2/Q1P2p2/4p3/7p/P6P/6PK/3r1r2 b - - 4 37,Fuzzer,How should I coordinate my two rooks to create immediate tactical threats against the White King?,33.87,"This is a fantastic attacking position for Black. You have superb piece coordination, and the White King on g2 is dangerously exposed. To coordinate your two rooks and create immediate tactical threats, you must focus on restricting the King's movement and forcing it into the open.

The key to this coordination is to use the rooks together to create a decisive battery or to restrict the files the White King can occupy. I recommend playing **... Rd2**. This move achieves several goals simultaneously: it puts immediate, undeniable pressure on the second rank, and it prepares to coordinate with the rook on f1. If White tries to escape the pressure, the rooks can work together to cut off the escape squares. For example, if White ignores the threat, you can follow up with ...Rdf2, creating a devastating pin or fork.

Alternatively, **... Rf2** is also a powerful immediate threat, attacking the King directly. However, **... Rd2** is slightly more flexible, as it establishes a dominating outpost that forces White to make difficult defensive decisions regarding the d-file and the second rank, allowing you to dictate the pace of the attack. Keep your options open to swing the f1 rook into action once the King is optimally restricted on the second rank.",1
r3kb1r/p4ppp/5B2/1p6/Q2P4/2N5/Pq2bPPP/R3KB1R w KQkq - 0 13,Template,What files or ranks are currently open?,39.78,"That's a great positional question. When we talk about ""open files"" or ""open ranks,"" we generally mean lines where there are few or no pawns, allowing major pieces (like rooks and bishops) to move along them with great scope.

In this specific position, many files and ranks are somewhat cluttered, but structurally, the most promising lines are the **c-file** and the **d-file**, and the **6th rank**.

The **c-file** is a strong candidate because while the Knight on c3 and the White Queen on a4 restrict movement, the file itself has few pawns blocking the center. Similarly, the **d-file** is quite open, currently only occupied by the pawn on d4, meaning a rook could potentially swing into the center if the d4 pawn advances or is traded.

As for ranks, the **6th rank** is one of the most open. It is almost entirely clear of pawns, making it a prime target for any piece that can gain access, particularly the rooks. The **3rd rank** is also relatively clear of pawns, offering maneuverability for pieces like the knight.

Overall, the goal should be to exploit the openness on the 6th rank or create dynamic tension on the c- or d-files.",1
r3kb1r/p4ppp/5B2/1p6/Q2P4/2N5/Pq2bPPP/R3KB1R w KQkq - 0 13,Fuzzer,"Given the immediate threats posed by the Queen and Bishop on the second rank, how should White prioritize stabilizing the center while dealing with Black's combined attack?",29.36,"This is a highly sharp and complex position where Black has successfully coordinated the Queen on b2 and the Bishop on e2 to put immediate pressure on White's position. Given your goal of stabilizing the center while addressing the attack, the most critical priority is to develop your remaining pieces and challenge the active Black pieces directly.

I recommend playing **Be3**. This move serves multiple purposes simultaneously. First, it develops a piece that was undeveloped, which is crucial for improving coordination. Second, it immediately challenges the Bishop on e2, forcing Black to commit to a plan regarding that piece. If Black accepts the exchange with ...Bxe3, you recapture with fxe3, stabilizing the e-file and opening up your light-squared Bishop's path. If Black ignores the challenge, you have successfully placed your Bishop on a central, active square.

After Be3, you must be ready to improve your material advantage or central control. Depending on Black's response, follow-ups could involve centralizing the Queen (e.g., moving the Queen off the a-file if needed, though Qa4 is currently fine) or preparing a pawn break like d5, assuming the stability provided by the Bishop on f6 can be maintained. Dealing with the threats requires active defense, and Be3 is the move that best initiates that defense while continuing your own development.",1
8/6k1/1R6/5b2/5Kpp/8/8/8 b - - 3 62,Template,What files or ranks are currently open?,29.07,"Based on the board state, both ranks and files are significantly open, particularly those that are completely empty.

**Open Ranks:**
The most open ranks are the unoccupied ones: **Rank 8, Rank 3, Rank 2, and Rank 1**. These ranks are completely clear, meaning any major piece could move across them unimpeded.

**Open Files:**
Similarly, three files are entirely clear: **File A, File C, and File D**. This means a piece could travel the entire length of these columns without encountering any resistance.

If we consider partially open lines, the center files (like File E) and the files along the back rank are also highly available for maneuver, though they are currently occupied by minor pieces or kings. Overall, the lack of pawns and pieces on the back ranks makes this a very open position for piece mobility.",1
8/6k1/1R6/5b2/5Kpp/8/8/8 b - - 3 62,Fuzzer,How can Black best coordinate the Bishop and the advanced pawns to create a passed pawn threat against the White King?,30.43,"This is a very promising position for Black, and you are correct to focus on the coordination between the Bishop and the advanced pawns. The primary goal is to create an unstoppable passed pawn that forces the White King or Rook out of position.

The best approach is to initiate the breakthrough immediately by pushing the pawn from **g4**. After playing **...g3**, Black activates the full potential of the pawn structure. This move is critical because it forces White to make uncomfortable decisions regarding the threat of g2.

To maximize the threat, the pieces coordinate as follows:

1.  **The Pawns (g4/h4):** These are the primary attacking force. By playing **...g3**, Black establishes a direct, unstoppable pawn majority on the kingside. The g2 pawn will eventually be promoted, creating a severe passed pawn threat. The h4 pawn acts as a strong secondary threat, creating a pawn wall and restricting White’s ability to challenge the kingside.
2.  **The Bishop (f5):** The Bishop's role is highly supportive. It maintains powerful diagonal pressure, preventing the White King from easily escaping or finding useful defensive squares. It also indirectly supports the pawns by keeping the general area controlled.
3.  **The King (g7):** The King's role is tactical support. It is ideally placed to assist the pawn advance, supporting the pawn breakthrough into the 7th rank should the opportunity arise, or simply providing a safe anchor point for the advancing pawns.

In essence, the coordination is an overwhelming positional squeeze: the pawns dictate the action, the Bishop restricts White's movement, and the King provides the necessary support for the final breakthrough. White's Rook on b6 is currently misplaced, and Black should continue maximizing the pressure along the g-file and the kingside diagonals.",1
4b1k1/4Pr2/3R2pp/1ppBP1q1/8/PP4P1/2P4P/3R3K b - - 2 38,Template,Which pieces are currently attacking the opposing King?,11.53,"Based on the current position, none of White's pieces are currently attacking the Black King located on g8.

While White has significant pressure across the board—with the pieces on d6, d1, and d5 creating strong central control—the Black King at g8 is safely defended and not under immediate threat from a direct attack line. The pieces are well-positioned, but none of them can capture or check the King on g8 in this specific moment.",1
4b1k1/4Pr2/3R2pp/1ppBP1q1/8/PP4P1/2P4P/3R3K b - - 2 38,Fuzzer,Does the concentration of White's major pieces (Rook and Bishop) create any irreversible tactical threats against the Black position?,31.06,"This is a fascinating and highly charged position. You are absolutely correct that White has achieved a significant concentration of force, particularly with the Rooks and the Bishop forming a powerful central battery. However, while the current setup creates immense *tactical pressure*, calling it an ""irreversible threat"" might be overstating the case, as Black still possesses active counterplay, especially with the Queen and the Queen's potential diagonal defense.

The threat comes from the coordination of the Rooks on d1 and d6, supported by the Bishop on e5. This setup primarily aims to generate forcing moves along the d-file, creating potential mating nets or forcing material wins against the Black King. For example, the combined power of the pieces puts immediate pressure on the d-file and the adjacent squares, making the Black King's coordination slightly awkward.

However, Black is not helpless. The Black Queen on g5 is extremely active, and the Bishop on e8 provides indirect defensive coverage. Instead of looking for a single ""irreversible"" tactic, White's best strategy is to maintain the current powerful coordination and look for pawn breaks or tactical opportunities that exploit the weaknesses around the Black King and the queenside. White should prioritize maximizing the activity of the d6 Rook, as it is the most aggressively placed piece. The threat is less about a single knockout blow and more about a sustained, overwhelming positional squeeze.",1
r3k2r/pB2qppp/2pp4/4n3/1B6/4P1Pb/PPPQ1P1P/R3K2R w KQkq - 0 15,Template,Describe the overall state of the board.,29.42,"This is a highly complex and dynamic middlegame. Overall, the position is quite balanced, but White holds a noticeable positional edge due to the superior placement of the Bishop on b7 and the general activity of the queenside pieces.

The core strategic battle revolves around the tension between White's strong queenside outpost at b7 and Black's centralized counterplay generated by the Knight on e5 and the Bishop on h3. White's main plan should be to consolidate the pressure from the b7 bishop, perhaps by preparing an attack down the e-file or opening lines against the Black king. However, the rooks on a1 and h1 are currently somewhat disconnected from the main action, which is a point Black could exploit.

Black’s strengths lie in their excellent piece centralization. The Knight on e5 is a monster square, exerting pressure on d3, c4, and f3. Furthermore, the Bishop on h3 is aggressively placed, eyeing the kingside and potentially creating tactical headaches for the White king. For White to maintain the advantage, they must find a way to coordinate their rooks and ensure that the pieces supporting the b7 bishop are defended, preventing Black from undermining the queenside structure.",1
r3k2r/pB2qppp/2pp4/4n3/1B6/4P1Pb/PPPQ1P1P/R3K2R w KQkq - 0 15,Fuzzer,How can White best utilize the powerful bishop on b7 to challenge Black's coordination around the e5 knight?,26.78,"The bishop on b7 is indeed a monster piece, exerting massive positional pressure by restricting the Black queen, rooks, and coordinating movement on the queenside. To best utilize this pressure to challenge the centralized Ne5, your priority must be to improve your own coordination and king safety, allowing the Bb7's influence to translate into concrete attacking threats.

The most natural and powerful move is **O-O (Castling Kingside)**. While it might seem like a mere developing move, it is crucial because it immediately enhances your coordination, connects your rooks, and puts your king safely out of the immediate line of fire. By securing the king, you free up your plans to focus on the Ne5.

Once castled, you will be extremely well-placed to launch a coordinated challenge against the Ne5. The pressure from Bb7 makes the Ne5 less stable, as Black must dedicate resources to defending the queenside structure. Follow-up ideas include improving the queen's position (perhaps preparing maneuvers like Nd2) or preparing to challenge the Ne5 directly by maneuvering pieces to potential attacking squares like f3 or d3, forcing a decision from Black regarding the knight's best defensive square. Do not try to force a direct breakthrough until your rooks and king are safely established.",1
2rqr1k1/5ppp/p5B1/8/2Q3b1/PP2R1P1/5P1P/4R1K1 b - - 0 29,Template,What files or ranks are currently open?,35.59,"Based on the current board setup, the concept of an ""open"" file or rank refers to one that lacks friendly or opposing pawns, allowing major pieces (like rooks and queens) greater scope of movement through it.

In this position, we have clear candidates on both fronts.

**Open Files:**
The most genuinely open files are the **b-file** and the **d-file**. The b-file is completely clear of pawns, making it a prime target for piece maneuvering, especially if a rook or queen can establish control there. The d-file is also very open, currently housing only the Black rook on d8, and lacking any white pawns blocking its path.

**Open Ranks:**
The two most open ranks are the **fifth rank (5th)** and the **first rank (1st)**. The 5th rank is completely empty of pawns, giving it maximum potential for piece deployment or invasion. The 1st rank is also quite open, with the white king on g1 and rooks on e1, but no pawns are blocking the movement of major pieces like the queen or rooks across the back rank.",0
2rqr1k1/5ppp/p5B1/8/2Q3b1/PP2R1P1/5P1P/4R1K1 b - - 0 29,Fuzzer,Where should Black focus its defensive resources to mitigate the pressure exerted by the bishop on g6?,26.82,"This is a complex and highly pressured position for Black. You are absolutely correct that the bishop on g6 is the epicenter of the pressure; it severely restricts your king's mobility and dictates the defensive plan.

To mitigate the influence of the Bg6, Black must focus on two concurrent goals: **structural solidity around the king** and **challenging the offending piece.** The most critical defensive resource to activate is the pawn structure immediately surrounding the king. I recommend Black plays **...f6**. This move is crucial because it achieves several things simultaneously: it directly challenges the Bg6 by giving it a potential escape square (e.g., if the bishop retreats or is exchanged); it reinforces the dark squares near the king, making the pawn shield more robust; and it prevents White from using the f-file to launch further tactical assaults.

Secondly, once the immediate kingside threats are stabilized, Black needs improved coordination. The rooks on c8 and e8 must work together to control files and defend the back rank. If possible, Black should look for ways to activate the queen, perhaps shifting it to a more defensive diagonal or file that defends the e-file, while simultaneously preparing a counter-thrust, perhaps by challenging the center or the queenside pawns. By playing ...f6 and stabilizing the king's immediate vicinity, Black transforms the position from one of reactive defense into one of calculated counter-defense.",1
r2q1rk1/ppp3pR/2np2Q1/8/8/2P2NB1/PP3KP1/1Bb5 b - - 0 18,Template,Which pieces are currently attacking the opposing King?,17.5,"Based on the current position, the only piece that is directly attacking the opposing King (on g8) is the **Rook on g7**.

The Rook on g7 is positioned on the same file as the King, meaning it can capture the King's piece by moving up the 'g' file. The Queen on g6 is adjacent to the King's file, but it does not directly attack g8. Therefore, the Rook is the only piece currently exerting pressure on the King's location.",1
r2q1rk1/ppp3pR/2np2Q1/8/8/2P2NB1/PP3KP1/1Bb5 b - - 0 18,Fuzzer,How effectively can Black coordinate defenses to handle the pressure exerted by the Rh7 and Qg6?,25.85,"This is a highly tense and complex position, and the pressure from White's rooks and queen is substantial. Overall, Black's defensive coordination is under severe strain, but it is not hopeless. The effectiveness of the defense hinges entirely on whether Black can quickly consolidate and neutralize the 7th rank.

The immediate threat comes from the combined power of the Rh7 and Qg6, which dominate the open files and restrict the Black king's movement. To coordinate a defense, Black must execute two primary tasks: first, eliminate the immediate threats, and second, generate counterplay to stabilize the position. A key area of concern is the diagonal pressure aimed at the kingside, and the undefended nature of the back rank.

Black's best coordination involves bringing the remaining pieces into the defense. The pieces on the queenside (the pawns on a7, b7, c7) are relatively stable, but the kingside requires immediate attention. Black must avoid passive moves; instead, the goal is to challenge White's dominance by repositioning the Queen or the Rooks. For instance, moving the Queen to a square that defends the back rank (like d7) or challenging the Rooks' files through a counter-battery maneuver would be crucial. If Black can successfully trade down material or force White to commit their pieces to an attack that creates a weakness elsewhere, the defense will stabilize. However, any misstep, particularly leaving the f7 or g8 squares vulnerable, could lead to a quick breakthrough for White.",1
